daymetVersion,date,Num_Requests,Min_Time,Mean_Time,Stddev_Time,Max_Time,Min_Size,Mean_Size,Stddev_Size,Max_Size
"V3-python","2020-01-01",339,0.029,0.7685929191213617,0.6495552860955985,3.418,26280,518157.8761,211413.1934725223,1024920
"V3-python","2020-01-02",1328,0.03,1.4480474410853517,1.1586010412649563,13.298,26280,981522.3795,174544.77580783595,1024920
"V3-python","2020-01-03",90053,0.03,0.509288041441457,0.388967846774439,6.982,26280,80542.2336,34707.15301071459,998640
"V3-python","2020-01-04",259,0.036,0.5836486498677823,0.42979330550988987,2.9,26280,645026.8726,264349.0967080722,998640
"V3-python","2020-01-05",140,0.03,0.42905714376164333,0.7014432980338673,4.203,26280,751608.0000,393583.81555575755,1024920
"V3-python","2020-01-06",473,0.029,0.4680507405332229,0.716076668811525,6.12,26280,778989.3108,331191.90125048277,1024920
"V3-python","2020-01-07",6378,0.03,0.41509062427660587,0.34874076761080974,3.416,26280,55494.1261,157750.41388152473,1024920
"V3-python","2020-01-08",30128,0.03,0.25011225438394113,0.2335022275450809,3.394,26280,31543.9318,67608.77199548732,1024920
"V3-python","2020-01-09",8951,0.03,0.30706848441757895,0.40160792683274327,4.847,26280,274976.7597,415228.8067140988,1024920
"V3-python","2020-01-10",253,0.034,0.25717786636218254,0.38923883112681135,3.71,26280,519307.8261,380432.56672160537,1024920
"V3-python","2020-01-11",168382,0.032,0.04478229872143512,0.07708692626698979,4.82,26280,33330.0046,83499.81959039667,1024920
"V3-python","2020-01-12",322088,0.028,0.03860772571614069,0.04258409596524127,3.914,26280,26309.5365,4959.205384037896,1024920
"V3-python","2020-01-13",2178,0.035,2.2209269966505967,2.1071903001987193,22.49,26280,922707.9339,294645.038911629,1024920
"V3-python","2020-01-14",1025,0.056,1.2066643904004155,0.9885833009978253,6.884,2232,311875.2702,272395.77544550877,1024920
"V3-python","2020-01-15",206,0.05,1.2502864099930502,1.2627221543317113,7.058,26280,681228.6990,402154.260776624,1024920
"V3-python","2020-01-16",236,0.049,1.0145084725661297,1.3920682749397582,7.166,72,162590.0339,261487.45746463802,1024920
"V3-python","2020-01-17",211,0.111,1.7837725143297023,1.6104323997815262,9.831,1120,303238.5972,220817.1533583673,1024920
"V3-python","2020-01-18",69,0.106,2.992202910284201,2.487808195754896,8.958,26280,318914.7826,286823.75241024216,1024920
"V3-python","2020-01-19",81,0.051,1.1184074028774544,1.0530495415706405,5.323,26280,457466.6667,365450.0514282204,788400
"V3-python","2020-01-20",381,0.018,0.6331732294221563,0.8627097433397108,5.652,24,243555.7165,329968.42301003705,1024920
"V3-python","2020-01-21",217,0.052,1.0037926258819718,1.0874161755529754,4.993,26280,526831.6313,348699.34383835876,1024920
"V3-python","2020-01-22",266,0.047,1.644109019813569,2.2143338699751642,19.21,26280,454673.7744,393655.5531997887,1024920
"V3-python","2020-01-23",761,0.052,0.4932772667537616,0.37803575417095614,2.619,26280,912219.4376,284658.7758075009,1024920
"V3-python","2020-01-24",148,0.053,1.7365067614796195,1.8518014061944983,12.457,26280,352686.1622,388584.5232645409,1024920
"V3-python","2020-01-25",36,0.054,0.8549722212677201,1.1037266434530273,4.732,26280,113150.0000,199164.28269145047,788400
"V3-python","2020-01-26",66,0.037,1.0141060571891791,1.2889657537673558,5.544,1120,167177.5758,295314.6785649864,1024920
"V3-python","2020-01-27",666,0.039,1.2290825804600396,1.40320054271783,7.511,1120,764584.8048,411363.13767908025,1024920
"V3-python","2020-01-28",7081,0.054,1.6072582967133235,0.9178044780613609,7.906,72,1012781.7562,101571.11873164326,1024920
"V3-python","2020-01-29",6050,0.053,1.1636388422308628,0.5549983492036192,5.58,26280,908687.2569,201299.70370057048,1024920
"V3-python","2020-01-30",2194,0.052,0.7389047396765749,0.5648571484379719,4.945,26280,434455.8286,258314.32898978665,1024920
"V3-python","2020-01-31",11535,0.057,1.4635375815423914,1.047319501301921,8.682,2232,475130.5266,297923.3601615737,1024920
"V3-python","2020-02-01",4707,0.15,3.3404259605438864,1.3078288753796117,20.902,26280,962349.3690,189231.16965047887,1024920
"V3-python","2020-02-02",2937,0.248,1.4686445352127653,1.0673980023512277,8.29,26280,753351.0521,137512.418358768,1024920
"V3-python","2020-02-03",35762,0.02,0.7181383030984202,0.5328614789093948,10.364,24,648234.3493,242687.1103006676,1051200
"V3-python","2020-02-04",17423,0.039,0.6685270615856844,0.666498374396154,7.225,96,813418.5663,124077.51746390025,1024920
"V3-python","2020-02-05",942,0.022,1.1211719743852087,0.9421439068401332,7.547,288,917696.7558,273336.3897020059,1024920
"V3-python","2020-02-06",9429,0.018,0.7062648212038766,0.5373333595790744,6.604,216,231094.2378,340071.30537052156,1024920
"V3-python","2020-02-07",2432,0.047,6.733923518794319,6.187899564938165,32.563,240,903583.1842,281217.4038054389,1024920
"V3-python","2020-02-08",31,0.18,2.2077419229092135,2.1170941404899515,6.832,26280,195545.8065,264353.24959745957,683280
"V3-python","2020-02-09",281,0.057,2.0134270459652157,1.9482306290091647,8.235,216,340807.0036,304012.7811984987,788400
"V3-python","2020-02-10",528,0.018,2.00548105976883,1.9505824022938953,8.591,72,337269.9697,326595.33852265304,1024920
"V3-python","2020-02-11",1339,0.069,1.7459029132546195,1.3480132234933797,11.036,240,267561.2188,259245.8168963364,1024920
"V3-python","2020-02-12",221757,0.047,0.14848179773452824,0.20978834088381304,10.68,26280,28343.3050,36475.671706565765,1024920
"V3-python","2020-02-13",548352,0.033,0.1447175593004735,0.22034094395941212,21.987,48,27271.2058,23980.201533451273,1024920
"V3-python","2020-02-14",250446,0.048,0.6258427166269002,0.6482493946518051,59.177,144,28863.5976,44116.740091974374,1024920
"V3-python","2020-02-15",178717,0.05,0.7814455368068542,0.9305928085134514,136.496,14600,26409.8765,6539.106234187574,499320
"V3-python","2020-02-16",75,0.56,2.6222933030128477,5.438359271260935,46.795,26280,229161.6000,181442.9260716438,499320
"V3-python","2020-02-17",772,0.045,17.603713708958672,87.28395491551227,925.901,144,795925.3679,249307.0172267557,1024920
"V3-python","2020-02-18",7673,0.055,2.778517657862999,2.7349609353831457,43.902,8568,324288.7413,400617.87625316426,1024920
"V3-python","2020-02-19",2778,0.018,0.2476130309866713,0.6988119621767034,14.509,72,63988.2736,166845.49484765087,1024920
"V3-python","2020-02-20",873,0.053,1.6880664399143346,1.5028088469954852,7.871,2232,593940.1787,374559.10914007033,1024920
"V3-python","2020-02-21",6014,0.056,1.9118915872321915,1.7109930164598142,18.137,2232,514102.5407,486716.7430994798,1024920
"V3-python","2020-02-22",1021,0.051,1.24585308539558,1.3983497537500442,17.934,26280,222246.8874,380953.50482054404,1024920
"V3-python","2020-02-23",439,0.134,1.5948450990309748,0.9519691988420083,6.672,1512,79775.8360,126968.94546201521,1024920
"V3-python","2020-02-24",10468,0.053,2.2762971898429822,1.9848748895163502,20.203,8760,294062.3217,328072.4251731896,1024920
"V3-python","2020-02-25",92298,0.046,2.1906139355106187,1.6019426650494484,23.966,26280,163014.5826,149628.38373264123,1024920
"V3-python","2020-02-26",6510,0.048,0.8736089094729376,0.8746752557534835,10.778,26280,799615.2111,343260.40470601263,1024920
"V3-python","2020-02-27",5476,0.053,0.60682158540918,0.5470459707155281,5.79,720,673115.2462,408605.67980601254,1024920
"V3-python","2020-02-28",4652,0.053,1.1408845670104846,0.7909838997075721,8.336,992,959277.1849,210211.11689159294,1024920
"V3-python","2020-02-29",184,0.055,1.7137989201178045,1.1831476322514034,4.977,26280,69984.7826,96346.96788485313,499320
"V3-python","2020-03-01",194,0.113,1.250324744884808,0.8570841951003995,5.26,14600,698088.8247,427006.31326844986,1024920
"V3-python","2020-03-02",416,0.076,1.9528870172798634,1.7159742616020557,11.129,13176,596946.6346,307708.8345697756,1024920
"V3-python","2020-03-03",1100,0.05,1.7288909119130536,1.6397365405387256,9.198,6984,550065.3673,388875.3730681609,1024920
"V3-python","2020-03-04",3235,0.05,0.9765199378409194,0.8126160557218973,8.495,26280,445217.0782,380509.0202012536,1024920
"V3-python","2020-03-05",24506,0.052,1.2249802906232787,1.0077820820527272,10.223,24,788832.6660,244445.4469959301,1024920
"V3-python","2020-03-06",6286,0.057,2.6871139048443142,3.293196278291155,26.334,26280,460317.4992,448042.25765090977,1024920
"V3-python","2020-03-07",22036,0.054,0.9602336631776766,1.0895768444899019,30.962,216,26575.3854,13563.393749921292,1024920
"V3-python","2020-03-08",11284,0.056,1.1677055122048186,1.1795892235413141,22.789,26280,148607.9745,326947.6545475168,1024920
"V3-python","2020-03-09",11680,0.046,1.061268493689737,1.5953195151522332,59.998,26280,153131.9507,323185.1202900017,1024920
"V3-python","2020-03-10",4507,0.045,0.560230974098062,0.7828116981639537,7.603,14208,287466.3696,392420.6936258246,1051200
"V3-python","2020-03-11",6167,0.041,0.5811073454605841,0.4662403060107592,8.523,23360,965629.1915,132701.92796045975,1051200
"V3-python","2020-03-12",12653,0.046,0.3935506995706999,0.47469292148981973,5.187,1344,52685.8042,126794.3228653354,998640
"V3-python","2020-03-13",600,0.06,2.5290449965186417,2.849765078328267,33.524,26280,357398.0000,336168.2596127122,1051200
"V3-python","2020-03-14",859,0.382,18.761315504628925,9.228622141756308,50.448,4896,789789.4575,137478.20407310224,1024920
"V3-python","2020-03-15",269,0.346,10.229765810598671,8.54185062211262,29.314,4392,608304.9814,331062.1408983017,1051200
"V3-python","2020-03-16",781,0.099,7.206218949706316,6.486906743110496,21.508,26280,723288.8604,243704.99342039682,1051200
"V3-python","2020-03-17",4909,0.057,3.099954574229452,2.341716901306976,40.107,26280,790017.0006,114158.14809411574,1051200
"V3-python","2020-03-18",41523,0.058,11.351965394131067,5.1422521520463516,41.156,8760,248409.4906,227206.09925833033,1051200
"V3-python","2020-03-19",22237,0.048,0.7887156541990029,0.8204105406902928,12.588,26280,333432.2061,367600.23476703546,1051200
"V3-python","2020-03-20",24510,0.059,2.608225622909354,1.3446645941518858,11.377,23360,895041.4737,234300.4324247683,1051200
"V3-python","2020-03-21",98333,0.276,5.001822491732864,3.6303599396326254,284.696,26280,1021865.4821,34137.85137229452,1051200
"V3-python","2020-03-22",80919,0.412,6.058356517365792,2.2964221331401906,25.539,26280,1024378.6097,21937.558217121124,1024920
"V3-python","2020-03-23",130691,0.051,3.602119656820885,3.847406600159184,72.689,26280,942965.5129,270770.9477990463,1051200
"V3-python","2020-03-24",143174,0.045,2.510367036066861,1.6370206725565388,38.791,26280,1015821.7371,50387.95383681904,1051200
"V3-python","2020-03-25",241288,0.051,2.1379943884468395,1.395340545456913,54.041,960,1022435.4893,27563.214437977065,1051200
"V3-python","2020-03-26",221463,0.053,2.171055946187478,1.5313220299778467,33.701,26280,1023309.2356,31884.791603911628,1051200
"V3-python","2020-03-27",110460,0.211,4.192815607944013,1.7869637738867288,17.159,26280,1023293.4601,36400.047768287084,1051200
"V3-python","2020-03-28",82376,0.069,6.061445262143709,2.204488786335983,25.344,26280,1023996.1037,26724.500996806884,1024920
"V3-python","2020-03-29",101984,0.052,4.822421134698956,2.3173637532191744,34.304,14600,973576.8295,215632.2697766003,1024920
"V3-python","2020-03-30",80566,0.054,4.792812066743395,4.327297477838019,47.308,26280,993857.1526,144481.2158133209,1051200
"V3-python","2020-03-31",66043,0.052,8.928956043240808,3.55249265226173,31.074,26280,84800.4825,67001.25130674805,1051200
"V3-python","2020-04-01",11174,0.045,0.6924965990330882,0.8801349944177496,19.578,216,218972.5806,327403.27805146284,1051200
"V3-python","2020-04-02",119146,0.042,0.9737734798729508,3.1777530277088073,98.462,26280,84790.8710,157801.42552976013,1051200
"V3-python","2020-04-03",24801,0.045,1.6099043584213069,2.78374167675609,87.565,26280,221041.9161,249696.67693424207,1051200
"V3-python","2020-04-04",30,0.062,4.303800018131733,5.22416026528289,16.804,26280,289566.6667,359767.29235561274,1051200
"V3-python","2020-04-05",2412,0.055,1.2799552246576074,1.432095602368928,19.153,2208,48056.2222,119833.8658349369,1051200
"V3-python","2020-04-06",947,0.689,4.98126715849672,2.1877605078954927,18.211,26280,319766.3358,220180.56207944214,1051200
"V3-python","2020-04-07",3013,0.049,4.595945568959894,1.7985775788932266,16.692,744,317812.8882,230654.34194667588,1051200
"V3-python","2020-04-08",20274,0.042,0.9909919601371476,1.4638253435132969,16.332,26280,119778.3309,261777.5480337617,1051200
"V3-python","2020-04-09",15743,0.022,0.5991904335780935,0.8649287734489215,13.829,72,97555.9327,197380.77281675252,1051200
"V3-python","2020-04-10",11684,0.046,1.415169976142805,1.3153668107195986,46.445,26280,42562.9202,110547.69697511273,1051200
"V3-python","2020-04-11",17665,0.05,1.4819979620117356,0.8965168218332324,9.662,26280,26426.2829,7580.176967337295,584000
"V3-python","2020-04-12",950,0.21,1.9162473685019894,1.4051850639808352,14.382,4320,70078.4000,201759.09266660185,1051200
"V3-python","2020-04-13",37118,0.046,1.749339943372319,2.5249977450851864,41.601,26280,43166.5665,114353.60898766924,1051200
"V3-python","2020-04-14",30780,0.05,0.43231582205568314,0.6434589656368933,12.196,26280,62651.0342,98149.3984951639,1051200
"V3-python","2020-04-15",7078,0.08,4.3560090390941655,3.2388988530345966,27.793,15408,303639.6847,215610.70983218285,1051200
"V3-python","2020-04-16",12653,0.049,4.184647988375798,2.339906264319857,21.309,26280,269703.4126,132673.35324046155,1051200
"V3-python","2020-04-17",2450,0.205,4.113793059703038,3.005057440733298,23.431,26280,611819.8531,471002.57673438214,1051200
"V3-python","2020-04-18",2733,0.214,7.062187703955405,3.7014825123300756,41.822,26280,423277.1899,473042.11556585424,1051200
"V3-python","2020-04-19",6454,0.218,4.583699408379508,1.653384704762286,14.789,26280,293495.4831,107811.29193541234,788400
"V3-python","2020-04-20",40664,0.064,4.727955660874,2.541903282955084,37.436,26280,248689.7305,102904.89437071292,1051200
"V3-python","2020-04-21",27659,0.055,3.2916952517020857,2.129998119617822,14.815,744,198551.9424,127686.88421549124,1051200
"V3-python","2020-04-22",15349,0.054,1.0041316044597866,0.8377346175471314,15.511,744,58821.7312,69396.98153419486,1051200
"V3-python","2020-04-23",21055,0.036,0.6604425080074562,0.6641960398916945,11.681,8760,64818.4526,101751.8667527516,1051200
"V3-python","2020-04-24",38257,0.059,1.1042384921907125,1.0717366874412528,18.868,26280,109997.3029,202183.62950329494,1051200
"V3-python","2020-04-25",13867,0.056,0.9575295301397782,0.5205580003239196,9.203,26280,54394.6146,28436.55089581751,525600
"V3-python","2020-04-26",13225,0.022,0.21545557671098042,0.4152544725464435,14.101,832,51958.6680,173601.66461197814,1051200
"V3-python","2020-04-27",11535,0.017,0.5765783266226128,0.9068992905310717,19.642,120,67959.2128,119346.08290712255,1051200
"V3-python","2020-04-28",21532,0.02,0.5034013097185711,0.5012121041946898,9.101,8760,63548.4432,89556.18438887573,1051200
"V3-python","2020-04-29",15482,0.028,0.646882702205116,0.7957632473348438,11.705,8760,128553.1497,246345.2201479994,1051200
"V3-python","2020-04-30",8229,0.017,1.1209072783086411,1.3062562022333672,15.45,120,353558.7459,396413.9995669584,1051200
"V3-python","2020-05-01",15598,0.017,0.9572549043938562,0.8624212625687994,10.941,120,147522.3439,93368.78474773903,1051200
"V3-python","2020-05-02",8534,0.055,1.3058080611279475,0.9069998926282281,12.278,120,88103.0270,80029.43125997245,814680
"V3-python","2020-05-03",1893,0.017,4.010751186260473,2.9938067394573036,16.581,120,925675.8838,327357.7068620518,1051200
"V3-python","2020-05-04",9118,0.04,0.9917240623772033,1.0992079182057108,13.907,120,128411.4034,194082.2385306887,1051200
"V3-python","2020-05-05",24906,0.055,0.9268257447938636,1.1299727526183736,18.644,26280,121331.3602,246802.2577397128,1051200
"V3-python","2020-05-06",29886,0.017,0.893713511385917,1.093842172693037,21.909,120,67620.8981,101420.06559342482,1051200
"V3-python","2020-05-07",32059,0.03,0.6965669544288827,0.9858293153764099,26.509,120,67793.8321,109817.26004362859,1051200
"V3-python","2020-05-08",29463,0.057,1.241907375683465,1.6115449213149249,13.786,26280,123782.9818,252600.59525089932,1051200
"V3-python","2020-05-09",1754,0.022,3.9486636282916487,2.1994434872151682,12.474,120,971503.2794,249757.1911324526,1051200
"V3-python","2020-05-10",37,0.178,2.346702736777228,2.8309272753934134,13.022,26280,133057.2973,256690.40475911467,1051200
"V3-python","2020-05-11",2481,0.071,4.34956227142044,4.660395931328949,34.979,26280,725635.8888,444244.31386728195,1051200
"V3-python","2020-05-12",421,0.039,3.2940973928308828,3.8296659790324203,29.616,1120,366809.8812,324396.74195673957,1051200
"V3-python","2020-05-13",2830,0.015,2.4398438137442584,2.7072467620472476,15.413,120,402535.7173,399835.1795047615,1051200
"V3-python","2020-05-14",82716,0.053,3.9380243243872535,2.6231396022760944,295.853,96,1049714.2045,32249.733425576826,1051200
"V3-python","2020-05-15",46529,0.377,9.658995316843914,4.932051426383362,67.185,26280,974746.5037,262545.9808474765,1051200
"V3-python","2020-05-16",62735,0.125,8.04493683026071,2.9738262560854967,77.354,26280,1040392.9704,103124.21198001149,1051200
"V3-python","2020-05-17",111624,0.088,5.356370421631827,2.8149727294317333,37.137,26280,685041.0406,481216.2305291276,1051200
"V3-python","2020-05-18",60293,0.174,7.539641781969916,4.741982567636641,63.299,120,1002442.7032,213794.54595015902,1051200
"V3-python","2020-05-19",45942,0.232,8.408037394381857,2.3786080750276324,21.452,1120,1025338.0865,159481.0553523426,1051200
"V3-python","2020-05-20",12418,0.071,6.352046868586419,3.4175586305317256,16.676,120,913311.8982,339502.08800823404,1051200
"V3-python","2020-05-21",1691,0.058,2.46674098148237,2.537540880973563,24.38,26280,898867.6523,264222.59439410176,1051200
"V3-python","2020-05-22",3977,0.017,3.4064108606915933,1.8655180202988524,11.416,120,946733.6445,304357.20435552264,1051200
"V3-python","2020-05-23",639,0.05,2.544212832038345,1.4014964796715472,8.494,120,796446.9108,402890.03153338673,1051200
"V3-python","2020-05-24",57,0.063,0.8318771851951616,0.7910472348113275,4.061,120,114969.6842,144789.04906723785,762120
"V3-python","2020-05-25",578,0.048,1.8416159190237522,1.6692418743189927,8.331,26280,919436.2630,309732.2746900147,1051200
"V3-python","2020-05-26",2600,0.048,3.5416823048316517,2.741770015117886,29.087,3096,462792.1262,224927.96795628616,1051200
"V3-python","2020-05-27",138,0.052,1.0059347796267357,1.1951302876278633,7.35,4392,315222.9565,341690.6240063776,1051200
"V3-python","2020-05-28",1836,0.047,1.0637451000998612,1.3642159876411044,15.927,26280,304826.6885,350981.3432722592,1051200
"V3-python","2020-05-29",662,0.05,3.3457870165454477,2.7291261476569617,20.739,26280,627028.0967,393837.17305437144,1051200
"V3-python","2020-05-30",1996,0.056,4.477398798078717,1.9622448106338286,27.003,26280,147792.0842,83558.15186414075,525600
"V3-python","2020-05-31",34,0.152,1.1784705830847515,1.0682868732231487,5.673,26280,56682.3529,102163.47543085409,455520
"V3-python","2020-06-01",70950,0.051,1.0774848764852856,1.0049285158340262,22.647,26280,54242.4879,89349.51689727424,1051200
"V3-python","2020-06-02",125920,0.053,2.353541907370404,1.8962988272780976,44.111,744,42652.4243,66198.49970351701,1051200
"V3-python","2020-06-03",196133,0.055,2.7363411002400135,1.5041094797508217,47.549,26280,29041.6480,39932.13086762287,998640
"V3-python","2020-06-04",220127,0.016,0.7262622805049177,1.2908610936554572,23.932,120,27061.8510,17668.689131184343,1051200
"V3-python","2020-06-05",136159,0.034,2.563718300116642,1.6706993956922456,29.81,120,28612.6060,47062.65383818344,1051200
"V3-python","2020-06-06",138406,0.061,3.921757546540087,1.467362584865543,28.112,120,26320.8659,4773.5356939058,814680
"V3-python","2020-06-07",214194,0.021,1.6379564974285938,0.9248200531152665,19.26,120,28050.6352,42363.433576474825,1051200
"V3-python","2020-06-08",268020,0.025,1.6005435900323668,1.0757291875389354,26.249,120,28815.3839,26703.159996477145,1051200
"V3-python","2020-06-09",435243,0.052,1.4114135231719327,1.6772974020916869,70.235,72,39595.5893,52566.008705245215,1051200
"V3-python","2020-06-10",401335,0.047,1.4099089464326504,1.5618532681615247,72.102,26280,34110.7890,60389.38430506462,1051200
"V3-python","2020-06-11",382591,0.049,1.1194244298275455,1.0520193322136169,112.978,26280,27703.5831,25280.345679463633,1051200
"V3-python","2020-06-12",182774,0.053,2.26905101945533,2.0601401845157326,86.7,26208,42794.0487,114087.53106141822,1051200
"V3-python","2020-06-13",161869,0.061,3.1431013598119812,2.190734393721113,75.037,120,30744.2048,65976.25685428675,1051200
"V3-python","2020-06-14",257105,0.03,2.735908819393224,1.4828433445875349,35.587,120,26294.2029,4350.639197167952,1051200
"V3-python","2020-06-15",180760,0.045,4.194489571738153,5.9883259972089835,91.587,120,34002.7082,49028.02487481459,1051200
"V3-python","2020-06-16",208560,0.044,1.0211479191897321,1.2208023374473964,34.699,120,103623.5184,253923.12853514333,1051200
"V3-python","2020-06-17",113577,0.046,1.974582530269308,3.8832666566082477,50.978,120,59374.1493,171398.11171792008,1051200
"V3-python","2020-06-18",13280,0.035,1.1026606170477413,1.2701388536409925,24.22,120,78712.2006,207210.65103831826,1051200
"V3-python","2020-06-19",1616,0.02,2.1426045764652586,3.512868961720342,24.235,24,255352.2178,433876.88169057394,1051200
"V3-python","2020-06-20",8397,0.021,0.8522990357917792,1.2729628897534344,21.298,216,96101.0361,301960.38026432064,1051200
"V3-python","2020-06-21",51555,0.021,1.1058850937808098,0.6892951816969787,18.476,120,25274.5267,12266.845879631104,814680
"V3-python","2020-06-22",9366,0.035,1.2215233837933894,1.942240128548493,63.992,24,36185.4042,110650.04527877965,1051200
"V3-python","2020-06-23",692,0.061,3.2222485579065765,2.277890237547211,15.862,1120,834634.0462,322060.7938290196,1051200
"V3-python","2020-06-24",1540,0.02,2.001317533317276,1.7484371607821625,12.344,672,468504.6597,258027.53510881047,1051200
"V3-python","2020-06-25",255,0.018,0.7809058820354003,1.137434766766362,4.894,672,264090.8235,380501.24928483716,1051200
"V3-python","2020-06-26",5431,0.017,1.5694895968780187,1.0115682095873677,8.103,672,1025845.3368,147812.1198829245,1051200
"V3-python","2020-06-27",170,0.019,0.5190176461220665,0.9123619329214608,8.068,672,81858.1176,158554.32101076952,1051200
"V3-python","2020-06-28",7996,0.022,1.9594442226650057,1.747252571532836,17.349,672,1041514.7124,98452.83048133116,1051200
"V3-python","2020-06-29",6487,0.037,1.4077750880754158,1.2061230340710947,9.986,672,664656.1283,393997.6781967326,1051200
"V3-python","2020-06-30",1480,0.017,1.825680403903479,1.7806346707604372,12.64,672,414697.8595,312510.39494263515,1024920
"V3-python","2020-07-01",4580,0.018,2.6367017476164682,2.0339859804138882,13.037,672,983715.4079,222104.599051083,1051200
"V3-python","2020-07-02",7071,0.122,4.934486069023323,2.4060439734837735,19.342,26280,1030711.6843,129456.51613527437,1051200
"V3-python","2020-07-03",1252,0.027,2.934231633494516,1.7137714321708333,10.089,672,930933.6358,324007.6429921431,1051200
"V3-python","2020-07-04",361,0.027,0.6183213276783432,0.49397613693378384,3.179,24,36333.9169,72141.72633048943,446760
"V3-python","2020-07-05",915,0.06,2.878895083595006,1.529669796414254,8.631,672,418709.2809,104724.78371263265,446760
"V3-python","2020-07-06",4595,0.108,4.702840262030427,2.7693000319276715,22.368,672,878330.8622,287787.55365303264,1051200
"V3-python","2020-07-07",16865,0.016,21.16151834804219,8.559849641548174,50.085,672,137284.2773,201970.7769005705,1051200
"V3-python","2020-07-08",5747,0.069,1.4346695656097204,2.9155870553321472,58.679,216,209585.9294,368240.03163525957,1051200
"V3-python","2020-07-09",1148,0.05,3.6836707303819702,3.0190573204622404,20.236,672,875327.1010,376453.0788348123,1051200
"V3-python","2020-07-10",1346,0.071,5.156087662122402,3.4001423936029496,26.804,672,422485.0996,327610.2109687112,1051200
"V3-python","2020-07-11",28,0.129,1.103142862873418,1.5043756914938078,6.892,23360,63837.1429,140847.08652945838,760392
"V3-python","2020-07-12",4034,0.051,2.15924764485327,1.5023018623645132,9.888,4896,52697.6301,22660.551357535638,1051200
"V3-python","2020-07-13",4817,0.014,1.4055632130255065,1.596929736651215,21.417,672,225952.2989,184630.92266246284,1051200
"V3-python","2020-07-14",1275,0.017,2.4931866650020376,2.30258219066866,12.067,672,723292.0722,464379.75671779155,1051200
"V3-python","2020-07-15",30607,0.017,1.2885805212624488,0.9486542720669835,8.609,672,230666.9930,379842.146084146,1051200
"V3-python","2020-07-16",58848,0.02,1.2093428492776126,1.2990841079854052,27.818,672,156321.0532,288766.8771507539,1051200
"V3-python","2020-07-17",14123,0.057,2.122790765711262,2.1296051972784915,16.76,26280,52844.6970,13959.284889987954,1051200
"V3-python","2020-07-18",2386,0.151,5.041811403583451,2.5029001732733698,20.901,26280,259129.8307,41603.12642551078,525600
"V3-python","2020-07-19",86,0.044,1.2382093045947165,1.2177025356253082,6.057,672,75817.6744,151645.24586199582,998640
"V3-python","2020-07-20",18216,0.048,1.5315886028137566,1.19979305708746,22.97,26280,589920.4638,487264.49673587317,1051200
"V3-python","2020-07-21",19657,0.022,1.9948316634741001,1.2595678687777465,45.291,672,1026881.3898,125483.39849329356,1051200
"V3-python","2020-07-22",7116,0.057,2.424966413309424,1.448686675120281,20.087,8760,811292.2091,415814.03581381694,1051200
"V3-python","2020-07-23",26763,0.044,2.0554189366745637,1.6808558414183838,32.419,672,596423.9193,507509.9180268116,1051200
"V3-python","2020-07-24",57560,0.044,1.3069157052415605,1.3273111705707814,35.383,26280,133575.8464,313702.1335917618,1051200
"V3-python","2020-07-25",41,0.207,1.264731697556449,0.9365233970095187,3.951,26280,113239.0244,143608.1023565969,350400
"V3-python","2020-07-26",7360,0.047,3.9595375014681613,1.7679354481111371,30.835,672,1029221.1989,146291.2014907463,1051200
"V3-python","2020-07-27",582,0.035,0.85202577173121,0.884261508413586,8.783,672,91442.3918,231227.42236878056,1051200
"V3-python","2020-07-28",2668,0.046,2.3082679895589178,2.2149418238543483,19.65,26280,613105.8981,332948.8000492632,1051200
"V3-python","2020-07-29",1439,0.042,1.8131681709984593,1.8688484015564883,15.824,672,432272.1056,171502.58339310836,1051200
"V3-python","2020-07-30",7446,0.018,1.8689762279381283,1.8329133477955137,16.426,672,746963.1920,451049.49365905044,1051200
"V3-python","2020-07-31",52790,0.042,0.8538079182144384,1.1266361337909385,21.2,26280,107966.3224,171262.16973688488,1051200
"V3-python","2020-08-01",30,0.064,0.7199000043173631,0.4402680610541372,1.682,26280,26280.0000,0.0,26280
"V3-python","2020-08-02",190,0.079,4.243715777169717,3.44158546507354,14.345,672,278029.8947,310665.6993491802,760392
"V3-python","2020-08-03",425,0.084,7.639894115907304,5.9519331207918,24.081,672,288759.2282,251379.57871884343,1051200
"V3-python","2020-08-04",15747,0.019,0.9272382039817598,0.5560885833450095,6.718,672,1041012.2289,99034.59084681985,1051200
"V3-python","2020-08-05",69455,0.019,0.1665478079982778,0.23976609377677408,6.598,672,73061.1217,112331.99306199915,1051200
"V3-python","2020-08-06",6655,0.053,0.6648613076508717,0.9934326194393048,14.06,24768,99326.7210,207345.75115252554,1051200
"V3-python","2020-08-07",11718,0.046,0.6146653013592858,0.9395312846910557,13.577,26280,67763.2873,166462.17813626566,1051200
"V3-python","2020-08-08",14266,0.045,0.3271576475282066,0.4489245061808784,6.394,26280,49551.7819,142528.03872197788,1051200
"V3-python","2020-08-09",27,0.051,0.2628888912774898,0.41418831741485074,2.216,26280,113880.0000,247770.21612776624,814680
"V3-python","2020-08-10",198,0.051,0.4574999985746061,0.6808428600072819,7.687,26280,203338.1818,207066.62668716878,1024920
"V3-python","2020-08-11",8906,0.019,0.2281333933838085,0.21969205070936185,4.197,744,58205.1354,72164.93735819863,1051200
"V3-python","2020-08-12",83202,0.014,0.21218869753411132,0.24112067809638113,3.836,672,52577.2186,8113.317082975824,1051200
"V3-python","2020-08-13",5688,0.041,0.49670973975072535,0.35450598471729794,3.262,1120,884346.6596,131303.20205698404,1051200
"V3-python","2020-08-14",27303,0.02,1.3418467934703022,0.9507989703425628,8.193,23360,968726.1661,127653.91146098363,1051200
"V3-python","2020-08-15",27,0.054,0.8293333379206834,0.9462845719543379,4.11,23360,87814.5185,217971.0223843681,858456
"V3-python","2020-08-16",101,0.018,0.7555643532166977,1.2633660111526555,11.183,672,69912.5545,175481.84661185453,1051200
"V3-python","2020-08-17",3894,0.046,0.6110647150143621,0.37581107647984185,3.274,26280,976921.4689,174469.84365924422,1051200
"V3-python","2020-08-18",28194,0.017,0.5604533586022674,0.3874709155030519,8.548,672,1018749.8949,102282.54299392494,1051200
"V3-python","2020-08-19",21126,0.038,0.3593095712022332,0.363444112872422,4.457,26280,29890.8859,32639.464882287866,1051200
"V3-python","2020-08-20",21809,0.048,0.9556188726636025,0.7769028153183637,7.783,26280,928671.6640,324221.9144953153,1051200
"V3-python","2020-08-21",84239,0.043,0.8066357742802168,0.9364809849742994,12.373,26280,257888.5599,423772.6773759982,1051200
"V3-python","2020-08-22",92403,0.043,0.5215039556377776,0.5328808040112479,6.157,26280,32447.0041,13722.05971808428,1051200
"V3-python","2020-08-23",49915,0.042,0.6393084244691578,0.685024670383253,12.251,26280,36674.8841,10382.086532744996,446760
"V3-python","2020-08-24",71,0.055,0.7773098588829309,0.9553922972078095,3.989,26280,238617.4648,393175.88771553204,1051200
"V3-python","2020-08-25",25547,0.017,0.2065728656453571,0.37671226903347454,5.604,672,212278.3268,384006.45230399887,1051200
"V3-python","2020-08-26",32078,0.02,0.24011194596102026,0.28065657359699103,3.501,672,26331.4356,7138.028019204468,1051200
"V3-python","2020-08-27",40574,0.04,0.31385692818067457,0.5922850524085849,10.958,23360,27496.4628,32746.576599469743,1051200
"V3-python","2020-08-28",20455,0.048,2.027699437467197,1.0798323570236936,6.917,7992,26392.5941,8380.698989873685,814680
"V3-python","2020-08-29",37,0.052,0.8961351315516073,1.2546972130702265,6.731,26280,46120.8649,119045.1891891892,760392
"V3-python","2020-08-30",100,0.05,0.43627000011503697,0.40735377577531995,2.904,26280,579736.8000,510817.49577491963,1051200
"V3-python","2020-08-31",8968,0.049,0.5085136041350091,0.38705091479747106,4.213,26280,484013.1178,210532.18189882272,1051200
"V3-python","2020-09-01",1172,0.052,0.5284377131134322,0.38981527630198404,5.766,26280,559601.0580,138415.19853901127,1051200
"V3-python","2020-09-02",79,0.047,0.5848860761410073,0.582396662485812,2.862,26280,678179.2405,462355.60637759144,1051200
"V3-python","2020-09-03",944,0.039,0.9955338976559056,0.7145980562570569,4.308,26280,161425.8898,301445.725231301,1051200
"V3-python","2020-09-04",9513,0.024,1.6498205610505416,0.9259666985931616,7.501,672,59007.8057,80987.5739314372,1051200
"V3-python","2020-09-05",50,0.063,0.790679998844862,0.48430492132596126,2.451,23360,36792.0000,25105.208383919064,96360
"V3-python","2020-09-06",21,0.048,0.34966665967589333,0.446290874048147,2.06,7872,94232.0000,232034.1037002966,1051200
"V3-python","2020-09-07",257,0.046,0.23419066111227418,0.3329519743708704,3.032,26280,90906.3035,147681.1377140983,814680
"V3-python","2020-09-08",3504,0.047,0.26696546817279193,0.22417391110626794,4.227,26280,445072.5000,75070.58041436742,1051200
"V3-python","2020-09-09",17870,0.049,0.8491436488459446,0.4671809387259645,4.676,23360,964816.0403,277015.42551040475,1051200
"V3-python","2020-09-10",5614,0.042,0.32241414305676036,0.21390701864958162,2.623,26280,778693.8867,451529.803431065,1051200
"V3-python","2020-09-11",75,0.052,1.0095066670080026,0.9125019260548634,3.735,26280,417326.4000,466551.2511772313,1024920
"V3-python","2020-09-12",3537,0.05,0.30600678495028477,0.4769634894639727,5.878,48,133138.6667,235046.52044760744,840960
"V3-python","2020-09-13",2685,0.047,0.9336633142534803,1.1478191208854882,6.556,26280,166768.8313,257219.08821866574,1051128
"V3-python","2020-09-14",53321,0.042,0.4175104557404794,0.46881773550468364,9.42,26280,107111.2806,145462.99449339818,1051200
"V3-python","2020-09-15",116884,0.042,0.3345205589554507,0.30614511680900475,3.272,23360,83203.6368,90677.01585218516,578160
"V3-python","2020-09-16",123005,0.031,0.1510098777773477,0.13494936693323356,2.859,744,88941.4733,84760.36496174816,604440
"V3-python","2020-09-17",156,0.017,0.6248974370865676,0.7695326335158369,4.583,744,389205.8974,328915.6555728422,1051200
"V3-python","2020-09-18",20201,0.018,0.7095327953391286,0.4784740447489085,7.477,696,546973.0164,48654.778464762116,1051200
"V3-python","2020-09-19",17514,0.042,0.9246231586445517,0.49409222586855356,5.951,672,542935.7684,63991.73727084203,814680
"V3-python","2020-09-20",6413,0.043,0.2194091684717796,0.5775671120327945,6.629,26280,65793.3111,146006.8842853975,788400
"V3-python","2020-09-21",102676,0.026,0.10051295340066703,0.1700907749595186,7.4,23360,32169.3985,56314.59235958858,814680
"V3-python","2020-09-22",49172,0.054,0.7667451189799231,1.1071847534058625,13.026,26280,814159.4452,18182.672892339895,1051200
"V3-python","2020-09-23",103549,0.032,0.4153788929721353,0.25457421168859923,11.682,1464,803266.6095,79326.92040582192,814680
"V3-python","2020-09-24",1036,0.047,0.33586100325290413,0.3751913563358343,5.728,26280,550966.7954,383438.5850842728,1051200
"V3-python","2020-09-25",50456,0.039,0.8953482441196434,0.7229749215838186,84.619,26280,813189.6750,34753.043751325815,1401600
"V3-python","2020-09-26",50483,0.055,0.725299625456616,1.1515929740535136,115.094,26280,814117.7830,21046.03958462197,814680
"V3-python","2020-09-27",60443,0.031,2.0222478200685714,1.2948356843448277,12.115,26280,686991.9455,286898.6116585878,1051200
"V3-python","2020-09-28",50419,0.063,1.9142910807134648,1.7190668358658385,53.01,14640,814318.2397,18735.728200505422,1051200
"V3-python","2020-09-29",838,0.038,0.5211515517767545,0.6573298828621967,7.841,1120,437366.5585,238147.59535580056,1051200
"V3-python","2020-09-30",775,0.054,1.6426335482635805,1.186353033844681,7.172,26280,1009762.3742,197775.75096095496,1051200
"V3-python","2020-10-01",956,0.052,1.4048033471308867,2.7610681960327232,22.656,26280,203230.1674,326956.94213012967,1051200
"V3-python","2020-10-02",180,0.064,5.098755545169115,6.197945775576996,34.019,26280,535356.1778,501701.5052620337,1051200
"V3-python","2020-10-03",65259,0.048,0.8709123952421548,0.6431376111540698,17.806,26280,26503.9029,14682.256628620868,1051200
"V3-python","2020-10-04",57332,0.041,0.7541250783296027,0.766751839616988,14.265,26280,39488.2990,115534.81810387297,1051200
"V3-python","2020-10-05",8741,0.042,0.45900652135815356,0.5211793767112138,5.032,19728,26621.7961,11379.463442750903,760392
"V3-python","2020-10-06",1975,0.025,0.6013468354855535,0.3605728137780235,3.542,8760,94334.8780,66501.49150023432,1024920
"V3-python","2020-10-07",818,0.048,0.23164303213230408,0.4523780439307043,6.987,26280,41526.3961,119567.35694165976,1051200
"V3-python","2020-10-08",1153,0.027,0.23649522963449268,0.43184770986536686,4.829,216,77451.1570,202760.487861805,1051200
"V3-python","2020-10-09",13157,0.028,1.0534893972581871,0.7728550056695863,9.418,14600,471810.0357,135360.77450877798,1051200
"V3-python","2020-10-10",405,0.039,1.355582712277954,0.9472533950329743,5.306,1120,695755.6543,494454.0381559944,1051200
"V3-python","2020-10-11",95,0.035,0.7585578916888488,0.6373747824093959,3.577,26280,559994.5263,445114.7954824769,1051200
"V3-python","2020-10-12",20895,0.036,0.5720947594794824,0.4510472613661836,5.648,2880,36854.0125,75961.87520218195,1051200
"V3-python","2020-10-13",7710,0.036,0.24324020800143287,0.45927301552982447,8.175,8760,431836.1868,178010.1725786047,1051200
"V3-python","2020-10-14",1029,0.016,0.2476044709190538,0.2688374503046774,2.393,8760,328045.7065,268020.3095114032,1051200
"V3-python","2020-10-15",2243,0.046,0.22859741417700247,0.26535621355242345,6.492,26280,36085.3678,84413.07546778134,1051200
"V3-python","2020-10-16",1333,0.051,0.9437336841009876,1.6946222876966581,13.143,26280,64290.3826,170735.30316183926,1051200
"V3-python","2020-10-17",2004,0.046,0.7577869248541143,1.1614944502371145,10.23,26280,117359.0419,289642.5067128279,1051200
"V3-python","2020-10-18",10677,0.019,1.3798153973940348,0.7354238922214784,6.804,8760,966643.0683,281545.2176911324,1051200
"V3-python","2020-10-19",74720,0.04,0.2670340872820411,0.4393416383046824,8.633,19728,146302.9622,328757.8923200996,1051200
"V3-python","2020-10-20",144835,0.042,0.07125646425674423,0.1000363251708536,6.062,26280,26340.9665,6602.952852225295,1051200
"V3-python","2020-10-21",128084,0.034,0.1430127728737246,0.21417238111578607,3.727,26280,30759.6708,67095.8784533179,1051200
"V3-python","2020-10-22",30545,0.029,0.35563597971917094,0.4156393776623349,8.147,1120,94856.5825,242433.15535641866,1051200
"V3-python","2020-10-23",1069,0.05,2.0278727823783016,1.2905851082707107,8.928,8760,1004052.6324,199408.77703896677,1051200
"V3-python","2020-10-24",1356,0.021,0.6504889377131838,1.1796998486970907,10.441,744,281276.9735,417382.5427776065,1051200
"V3-python","2020-10-25",2024,0.021,1.4554743091585005,1.263848892480995,8.683,8760,970864.8221,204653.76449555336,1051200
"V3-python","2020-10-26",25449,0.019,0.2858579905246291,0.3051333550487712,4.962,8760,37720.7359,99685.42730345212,1051200
"V3-python","2020-10-27",24000,0.032,0.2774858751363742,0.3316423955048116,5.69,20440,76070.0483,219293.63542907042,1051200
"V3-python","2020-10-28",13935,0.035,0.3980232511313213,0.5588687109884639,6.838,20440,115841.9634,288333.19831477216,1051200
"V3-python","2020-10-29",20555,0.017,0.06938370236036363,0.08024999544848035,2.594,8760,28216.5332,35364.1758908864,1051200
"V3-python","2020-10-30",32241,0.041,0.29165422914494304,0.37804846382395046,6.131,26280,84777.8037,184180.59996886936,1051200
"V3-python","2020-10-31",20564,0.043,0.19230470728553778,0.2691828792572484,3.944,26280,107394.7714,203344.12088122268,788400
"V3-python","2020-11-01",6391,0.017,1.142797997279349,0.9124241290709914,11.049,8760,814216.7223,346948.27522692154,1051200
"V3-python","2020-11-02",42739,0.043,0.7169118603752604,0.8375295230137345,16.376,26280,122235.6723,198089.84165435508,1051200
"V3-python","2020-11-03",28372,0.041,0.2398088611443114,0.558507026648287,14.899,26280,106241.3986,200244.80251673915,1051200
"V3-python","2020-11-04",54396,0.037,0.4601146777205186,0.5558794351610256,8.66,1120,206983.8732,72717.0859621467,1051200
"V3-python","2020-11-05",11267,0.041,0.7638654479899291,0.7593490103417215,15.982,26280,120948.9554,92663.59201180603,551880
"V3-python","2020-11-06",49571,0.041,0.36439577580572646,0.3795763527624299,6.371,26280,38160.8085,19987.622409211534,1051200
"V3-python","2020-11-07",65505,0.019,0.4349809784971649,0.6182009548831072,17.448,1120,49197.3901,89579.17442493452,1051200
"V3-python","2020-11-08",694,0.047,1.1603804041258454,0.9924934738550203,7.032,26280,915908.0692,311209.0681552121,1051200
"V3-python","2020-11-09",1882,0.017,0.3343204037354632,0.5634826318089203,6.312,8760,148850.1807,328075.3716971261,1051200
"V3-python","2020-11-10",415,0.021,1.3365951815014143,2.0658539212504095,11.913,672,668461.7639,486360.71270148974,1051200
"V3-python","2020-11-11",4239,0.047,1.996246284091422,1.8998657937147139,19.296,26280,240548.3463,405425.9759733459,1051200
"V3-python","2020-11-12",636,0.043,0.18710534663507775,0.2668367184390597,2.503,26280,57766.4151,143211.77485444339,1051200
"V3-python","2020-11-13",791,0.018,0.7892300883677756,1.0333739803098694,8.837,8760,213255.9798,297610.22484834125,1051200
"V3-python","2020-11-14",717,0.02,1.0323165980696345,1.1548001195087443,7.226,672,232647.6653,149682.54796851974,1051200
"V3-python","2020-11-15",3139,0.015,0.8161905074430384,0.6416732595520941,5.407,672,924023.2507,275122.4833036635,1051200
"V3-python","2020-11-16",4241,0.026,0.28392619694447185,0.3824253261810863,4.615,72,40920.5282,104778.3397818819,1051200
"V3-python","2020-11-17",2928,0.019,0.3903169401035812,0.5505981932328851,5.223,672,197647.8115,308812.28078489844,1024920
"V3-python","2020-11-18",1389,0.034,1.1188905703921683,1.1815461088813664,11.331,26280,879569.5896,375174.19807353435,1051200
"V3-python","2020-11-19",2850,0.042,0.3502698246899404,0.40626121192693404,4.828,26280,38206.9193,105281.53773664925,1051200
"V3-python","2020-11-20",62105,0.04,0.3306048788885479,0.3707443975360177,5.101,26280,29510.3602,28950.010272406475,289080
"V3-python","2020-11-21",60,0.054,0.6968333377192418,0.7158971413446112,3.342,26280,482676.0000,484815.945925874,1024920
"V3-python","2020-11-22",87,0.032,0.9721724060845787,1.4372967348483119,5.95,26280,306600.0000,404000.5754861044,1051200
"V3-python","2020-11-23",2897,0.018,0.3822195370683834,0.33903384308034584,3.309,8760,752156.5205,339997.1272879754,1024920
"V3-python","2020-11-24",66,0.046,0.8266060653170852,1.0115335042269258,3.598,23360,278948.4848,366513.92232948076,1051200
"V3-python","2020-11-25",8351,0.038,0.15594359970543503,0.23129064622970436,6.947,384,26475.1556,8981.980052319934,499320
"V3-python","2020-11-26",70,0.017,0.6701142836096031,1.0472897527328018,4.812,1080,182405.7143,347186.69048128405,1051200
"V3-python","2020-11-27",57928,0.047,0.13873304813089843,0.09228749438519736,3.223,26280,78842.2683,4613.177353539716,867240
"V3-python","2020-11-28",167,0.018,0.6839341292949672,0.7864130921367631,3.806,8760,576586.3473,502823.8587086514,1051200
"V3-python","2020-11-29",45,0.019,0.20415555474658806,0.2021234977575171,0.774,8760,68912.0000,127381.63233370814,420480
"V3-python","2020-11-30",109,0.044,0.4266238523937693,0.6865946861270806,3.445,26280,105842.2018,140650.14083268045,1051200
"V3-python","2020-12-01",7536,0.019,0.3327737528442221,0.4591939879397586,8.147,3600,31424.3121,38688.81972513812,1051200
"V3-python","2020-12-02",117531,0.022,0.15403120038672852,0.19881160274462428,6.483,8760,26980.1928,23312.795783115373,1051200
"V3-python","2020-12-03",16053,0.021,0.11644814063276891,0.19266424321936954,3.945,64,31035.3404,59403.40008507728,1051200
"V3-python","2020-12-04",23862,0.024,0.2065008381868251,0.4442194295617609,7.338,8760,86530.8507,244315.33284573167,1051200
"V3-python","2020-12-05",73782,0.04,0.1488752947944883,0.27039836910421516,7.639,26280,35711.4077,97791.91627056753,1051200
"V3-python","2020-12-06",164,0.017,1.000542674543018,1.9852332179721177,10.943,672,138226.5854,337898.9495151801,1051200
"V3-python","2020-12-07",1570,0.046,1.0908847142034654,1.2176659344836545,7.597,11016,343985.2127,410524.73628769186,1051200
"V3-python","2020-12-08",3235,0.033,0.5667115919453192,0.7545084212497992,23.519,2232,237684.4192,341813.93819426995,1051200
"V3-python","2020-12-09",1032,0.016,0.7463604644926395,0.7492634706409592,5.657,8760,970916.9767,272830.28426013206,1051200
"V3-python","2020-12-10",1050,0.018,2.2851723811172304,2.1064764678028025,15.523,360,878845.6000,354586.44109853613,1051200
"V3-python","2020-12-11",967,0.053,3.252486037870536,2.53263502082133,33.682,8760,656214.8914,474876.29728425335,1051200
"V3-python","2020-12-12",120,0.147,1.3877833418548107,1.0745081721012313,5.118,672,194758.8000,381238.51941607374,1051200
"V3-python","2020-12-13",31,0.357,2.0239677284994433,3.27259792655825,13.709,26280,188010.3226,325422.6650262688,1051200
"V3-python","2020-12-14",1962,0.024,0.6053144754395724,0.6102079896754227,8.416,8760,200408.4404,197477.47663544194,1051200
"V3-python","2020-12-15",40,0.019,1.5037249936256558,2.1039249320390057,9.023,8760,253821.0000,429688.8828897019,1051200
"V4-python","2020-12-15",20488,0.059,0.7492782116295935,0.5658360429153777,11.522,14064,36716.3229,20632.479819274162,1051200
"V4-python","2020-12-16",146237,0.059,1.5384093015448372,1.1132424383567112,10.76,1240,48152.0124,28722.157660765602,1051200
"V4-python","2020-12-17",2979,0.046,0.7562239006481822,0.5212254399297258,5.79,672,51142.5821,30076.447694516846,1051200
"V4-python","2020-12-18",415,0.06,0.30169638521879555,0.4950389725985336,3.285,23360,50019.9518,22653.155677881878,289080
"V4-python","2020-12-19",49985,0.051,0.6237504851466162,0.34827150697233417,3.016,23360,700209.0483,20238.63482921947,817600
"V4-python","2020-12-20",49927,0.062,0.49355322772125043,0.32017412871634854,3.143,26280,700443.2976,15316.397609156267,700800
"V4-python","2020-12-21",854,0.062,0.21684192111432132,0.23506945727842102,2.645,26280,141404.5902,223595.1353333483,1051200
"V4-python","2020-12-22",6943,0.05,0.46352743776146244,0.31649107391252174,4.351,992,206913.0336,328990.9965515591,1051200
"V4-python","2020-12-23",29371,0.058,0.7078374586190205,0.501688223351254,3.809,992,87705.4504,79567.25633486405,1051200
"V4-python","2020-12-24",4114,0.06,0.6225075356301878,0.40296201079239424,3.101,26280,87198.9791,53243.47079440231,408800
"V4-python","2020-12-25",18,0.066,0.12311111059453753,0.12162916361842153,0.51,26280,26280.0000,0.0,26280
"V4-python","2020-12-26",107,0.024,0.5695514012232562,0.4232392248172193,2.036,8760,170424.2991,132633.10216859073,408800
"V4-python","2020-12-27",29659,0.023,0.5068473314230302,0.4071481273137739,3.625,8760,416184.8168,181881.10500580704,1051200
"V4-python","2020-12-28",37833,0.052,0.4696349482392058,0.3833913624625904,3.507,11680,166197.8051,86686.33248383628,1051200
"V4-python","2020-12-29",163,0.076,0.8398588957504992,0.45715525055097395,2.216,26280,828832.1472,369276.0704849595,1051200
"V4-python","2020-12-30",215,0.06,0.45961395273374955,0.41301846942972126,1.728,26280,77128.7442,56081.17151850564,525600
"V4-python","2020-12-31",136,0.057,0.6584485302240971,0.47154113363901523,1.999,8760,601863.5294,493637.64501482114,1051200
"V4-python","2021-01-01",92,0.077,0.824347827664536,0.39833663491825116,2.087,26280,749932.1739,373616.05731897877,946080
"V4-python","2021-01-02",2373,0.058,1.134258322033119,0.5958117372815467,3.713,26280,273099.3679,249503.90129347163,525600
"V4-python","2021-01-03",816,0.051,0.41527205938929873,0.5325324030831763,2.783,26280,127438.2353,291231.8416603616,1051200
"V4-python","2021-01-04",1098,0.058,0.44877777714791195,0.36601635313575925,3.296,23360,606859.4098,223625.1297442134,1051200
"V4-python","2021-01-05",764,0.051,0.33898167554484143,0.29232748882748366,1.974,8760,353472.8796,296296.8630000075,1051200
"V4-python","2021-01-06",2958,0.06,0.3261724141557991,0.21687882560021704,2.233,26280,547070.5882,72591.19111743999,1051200
"V4-python","2021-01-07",35866,0.058,0.24894476644867225,0.13974748585627952,2.756,26280,772049.9214,87948.84424350927,1051200
"V4-python","2021-01-08",117111,0.035,0.3462677202483748,0.2807039424647114,3.053,26280,748482.7116,164450.008383275,1051200
"V4-python","2021-01-09",32677,0.056,0.49823885304909693,0.35223030654293064,3.543,23360,258295.3882,346494.5778094089,1051200
"V4-python","2021-01-10",25160,0.046,0.6596874402674575,0.6208330239108949,14.415,26280,59744.6391,107580.91020770263,551880
"V4-python","2021-01-11",157846,0.025,0.7727824084150455,0.8245402422447594,10.536,26280,150466.8900,195378.6647586964,1051200
"V4-python","2021-01-12",23454,0.027,0.7518181548383742,0.5116555714640681,7.143,720,388055.6920,82867.48508851159,1051200
"V4-python","2021-01-13",24032,0.034,1.000543150870215,0.7522970353524617,33.892,2232,421160.4967,156327.1054788875,1051200
"V4-python","2021-01-14",19841,0.085,0.8811677837628228,0.47734802340847354,15.302,26280,404752.3834,51873.28763974047,1051200
"V4-python","2021-01-15",6485,0.033,0.8129728603197597,0.4339006410415287,5.034,26280,364241.7567,107456.01586165014,1051200
"V4-python","2021-01-16",256,0.087,1.0204726580996066,0.5679290042150665,2.954,26280,562966.8750,205833.74271541182,788400
"V4-python","2021-01-17",22,0.084,0.6147727339782498,0.3647321574727185,1.57,26280,85210.9091,125011.33631900934,350400
"V4-python","2021-01-18",625,0.056,1.0998735973119735,0.8627111547815174,5.846,26280,186954.7520,130990.43662671899,1051200
"V4-python","2021-01-19",1392,0.066,1.7178857738216375,0.9514019552428581,8.563,8760,204613.4540,157194.8272589345,1051200
"V4-python","2021-01-20",1875,0.112,1.4288426668643952,0.6529610095086178,4.285,26280,219083.0336,134292.02131651045,1051200
"V4-python","2021-01-21",2396,0.044,0.2870838894914581,0.5150264680794808,16.453,8760,382454.9649,129461.72296448097,1051200
"V4-python","2021-01-22",4090,0.068,1.2948704150657928,0.7118599082548853,7.254,26280,566401.4670,316583.06395136006,1051200
"V4-python","2021-01-23",31,0.19,1.0333548414130365,0.9139877763186242,3.737,26280,191589.6774,376964.06344922853,1051200
"V4-python","2021-01-24",167,0.039,0.5571377232983084,0.5033870952885446,2.671,672,56280.5749,134122.02866807824,1051200
"V4-python","2021-01-25",8347,0.094,1.0766991737935876,0.6843685226970887,4.649,26280,62748.3407,82142.01594512566,1051200
"V4-python","2021-01-26",2213,0.017,0.450924988294006,0.4471177318181977,3.399,672,350506.6281,278724.1144997383,1051200
"V4-python","2021-01-27",2039,0.023,0.5218813133669461,0.5895174000602197,3.857,192,57209.1143,135806.28744212227,1051200
"V4-python","2021-01-28",123838,0.054,0.8981022223019575,1.0846386540612691,11.237,26280,31900.8739,73603.7598592971,1051200
"V4-python","2021-01-29",11859,0.048,0.1428367487699213,0.30091134916280976,8.68,72,67359.7646,99538.71283414228,1051200
"V4-python","2021-01-30",137,0.058,0.6135401466630236,0.5015014708418222,2.256,26280,70037.3723,90618.59884884876,1051200
"V4-python","2021-01-31",50,0.034,0.4098800022900104,0.3800607133188953,1.586,26280,197333.6000,280782.0073563119,1051200
"V4-python","2021-02-01",14712,0.057,0.6088027460885483,0.3034192812318151,3.235,72,413272.6939,326325.64577155624,1051200
"V4-python","2021-02-02",4080,0.055,0.9257220586232257,0.4679013235467332,4.159,72,995951.0451,206729.62519011422,1051200
"V4-python","2021-02-03",1628,0.05,0.42720761608689367,0.34737297690861374,2.52,72,344784.3784,182211.17375839534,1051200
"V4-python","2021-02-04",3323,0.057,0.4056629553513465,0.26276007124362016,2.798,72,695087.4367,464811.6936975447,1051200
"V4-python","2021-02-05",260128,0.053,0.16136720401601484,0.23458321173726812,3.868,72,26394.1725,9963.538149721535,1051200
"V4-python","2021-02-06",134,0.053,0.5102164155122504,0.395582719480525,2.018,8760,83895.5224,127317.91951919912,1051200
"V4-python","2021-02-07",18,0.062,0.6502222182850043,0.4618192938732821,1.556,26280,26280.0000,0.0,26280
"V4-python","2021-02-08",77073,0.022,0.1881997457923681,0.23648271559570255,4.042,32,100106.8924,79621.2489083314,1051200
"V4-python","2021-02-09",220882,0.023,0.14475341598947436,0.15781983503536384,2.975,32,86825.9416,11754.725567182879,1051200
"V4-python","2021-02-10",330640,0.023,0.17576387624292142,0.21740090831848138,4.059,32,89248.8029,89597.05299212698,1051200
"V4-python","2021-02-11",374636,0.023,0.13401180360843648,0.15468062290887813,3.07,72,85474.5138,74057.69969135545,1051200
"V4-python","2021-02-12",303470,0.016,0.36055356385351117,0.38959138268653914,4.469,672,83457.1659,35711.94244190317,1051200
"V4-python","2021-02-13",270725,0.021,0.4081894025815258,0.3474591539627408,3.593,23360,87596.3544,1182.625431465205,455520
"V4-python","2021-02-14",218640,0.014,0.49803929750450115,0.5331042593090812,13.583,288,86878.6021,6795.253680822734,446760
"V4-python","2021-02-15",385659,0.02,0.24142962836364798,0.3393323104975654,22.391,72,85169.2837,73822.58076469591,1051200
"V4-python","2021-02-16",294801,0.046,0.33465247076201127,0.4220846520318764,15.771,26280,88627.1794,55575.84195188876,1051200
"V4-python","2021-02-17",104753,0.026,0.3159358874273284,0.5075107494429894,17.19,744,77097.1960,222300.14151315318,1051200
"V4-python","2021-02-18",199752,0.051,0.40325160710211333,0.5359085025776464,9.019,26280,38803.9689,112160.57992829519,1051200
"V4-python","2021-02-19",149510,0.053,0.6024747175429198,0.6510250551204183,8.944,26280,53414.3634,160440.15516965336,1051200
"V4-python","2021-02-20",1518,0.063,0.998895255964107,0.8778677380033665,7.673,1120,61024.2424,199408.63060262328,1051200
"V4-python","2021-02-21",37749,0.056,0.7722242972688339,0.6219093634621559,10.291,26280,27059.3162,27766.47331873203,1051200
"V4-python","2021-02-22",144104,0.054,0.6777301671881305,0.8283594190513824,20.667,72,48449.7435,148972.42968962874,1051200
"V4-python","2021-02-23",127388,0.053,1.019896630979768,0.8963076884966399,8.651,72,50223.0012,154461.27011170838,1051200
"V4-python","2021-02-24",623321,0.053,0.37631504487036455,0.5790215018358844,25.322,72,28023.7478,42113.338124149384,1051200
"V4-python","2021-02-25",327611,0.024,0.1779702881031023,0.3461887105920528,18.713,8760,26684.0535,17106.631377097397,1051200
"V4-python","2021-02-26",220011,0.021,0.9082160027011527,1.0712515958882762,11.175,8760,28809.8544,43775.034041810744,1051200
"V4-python","2021-02-27",2166,0.026,0.839660202623418,0.6859810189088218,8.002,11680,35874.4783,90809.38268453279,1051200
"V4-python","2021-02-28",53,0.058,0.562735842646293,0.7835458251466371,3.731,72,106333.4340,191178.31790395387,788400
"V4-python","2021-03-01",221504,0.033,0.20020866905854975,0.24461228458667214,4.185,14600,35347.2997,79667.50889694622,1051200
"V4-python","2021-03-02",109536,0.022,0.2272019337369351,0.39376077532390746,7.425,26280,27822.5595,35608.67955127171,1051200
"V4-python","2021-03-03",278021,0.03,0.13063021516840934,0.1623174926661728,2.782,1704,25498.8557,42091.50239789546,1051200
"V4-python","2021-03-04",347408,0.027,0.1456052424033922,0.22793805401101402,3.696,8760,22282.6843,14542.95660504937,1051200
"V4-python","2021-03-05",111527,0.027,1.1634095781139753,0.7631866523210951,6.593,26280,46720.3404,137488.395033361,1051200
"V4-python","2021-03-06",198,0.027,0.7721414122297757,0.7360361676074267,3.487,11680,60199.1919,134433.8965167652,788400
"V4-python","2021-03-07",474,0.052,0.2892046410999092,0.3435512308432012,2.945,26280,274831.1392,432760.8841825345,1051200
"V4-python","2021-03-08",330293,0.052,1.3021146649317121,1.1570710822980959,8.065,26280,29579.7230,54307.600928674205,1051200
"V4-python","2021-03-09",663,0.029,0.4598748106228505,0.47365716391862067,2.633,11680,62710.4917,139692.76643153964,1051200
"V4-python","2021-03-10",20798,0.086,0.6855891430711979,0.3758272993089056,3.261,18960,518183.2580,54101.09625385347,1051200
"V4-python","2021-03-11",260892,0.054,0.17053926926270538,0.21818781198542672,5.178,26280,92630.1200,168495.26646401783,1051200
"V4-python","2021-03-12",335715,0.036,0.8217524895886074,0.900329381742322,21.898,1120,41014.4313,117304.40165271958,1051200
"V4-python","2021-03-13",746,0.059,1.1240227892096017,1.1459570920767266,27.899,26280,723686.3807,471433.8655542877,1051200
"V4-python","2021-03-14",121,0.022,0.5368595048477335,0.5717656211335426,3.29,11680,169216.0000,259767.82785701877,1051200
"V4-python","2021-03-15",219451,0.053,0.3864075535123844,0.6585084309749107,6.827,72,32104.5995,76550.80811685785,1051200
"V4-python","2021-03-16",225683,0.021,0.15205909191359687,0.1876011130573216,3.366,11680,32780.2647,77241.0141014906,1051200
"V4-python","2021-03-17",503108,0.053,0.21975282458211662,0.3138218863658364,8.068,26280,26873.9335,22959.900909753836,1051200
"V4-python","2021-03-18",498003,0.022,0.16494307078632992,0.2570121726552161,6.182,11680,30647.2289,60099.95587201506,1051200
"V4-python","2021-03-19",58032,0.052,0.16138321979053274,0.26386595701129695,3.974,26280,29288.5580,54794.3303381783,1051200
"V4-python","2021-03-20",486,0.059,0.5139197519838564,0.4654213745431544,3.482,26280,961491.1111,247964.7723387088,1051200
"V4-python","2021-03-21",77,0.059,0.5878961052406918,0.574528754803387,2.415,26280,184832.2078,284205.0035322883,1051200
"V4-python","2021-03-22",358160,0.034,0.42130694392201506,0.6987357172145965,7.39,8760,70690.5987,156558.00813539742,1051200
"V4-python","2021-03-23",891114,0.019,0.18054488780710226,0.3011837531748768,16.102,8760,28664.6598,41402.31154604155,1051200
"V4-python","2021-03-24",867860,0.035,0.20085813167862726,0.5129010428870198,73.902,8760,27579.1017,36021.77791249773,1051200
"V4-python","2021-03-25",537555,0.053,0.14589838638364352,0.4287383057908709,63.372,26280,29522.8565,57301.730138958075,1051200
"V4-python","2021-03-26",4790,0.057,0.850432776147208,0.6564671811183974,4.282,26280,120058.2714,193249.8104270247,1051200
"V4-python","2021-03-27",2148,0.024,1.0473137798370513,0.687813648621794,4.861,11680,59373.3333,91503.58613657451,1051200
"V4-python","2021-03-28",685,0.056,0.7363810222405587,0.5904090641510756,3.975,11680,187536.4672,208905.64331355158,584000
"V4-python","2021-03-29",21167,0.024,0.9828648839437875,0.536699178291067,3.891,11680,501529.5545,79060.45355999112,934400
"V4-python","2021-03-30",26450,0.062,0.9791517958974568,0.5245928080561338,3.94,26280,495461.8241,53056.737912950026,1051200
"V4-python","2021-03-31",14255,0.06,1.0663579798699137,0.5682646748207244,4.823,17520,500420.6075,69100.28711360016,1051200
"V4-python","2021-04-01",1560,0.181,1.263675000680945,0.5790685049472968,5.781,744,987722.3949,231476.16248357203,1051200
"V4-python","2021-04-02",1329,0.066,0.7653604212775547,0.5121654755716928,5.022,26280,543974.6877,110363.29244822107,1051200
"V4-python","2021-04-03",124,0.059,1.2236612958292807,0.8619254587168103,4.596,8760,524987.2258,487556.2166734714,1051200
"V4-python","2021-04-04",1699,0.019,0.7627510305016075,0.8202017458099136,4.857,11680,26125.3208,13055.030279456045,367920
"V4-python","2021-04-05",224037,0.022,0.7514378071509922,0.7307764843757291,7.331,11680,32809.8012,48291.06922831254,1051200
"V4-python","2021-04-06",118072,0.057,1.2814439154340234,1.4582625995699323,132.302,11680,47616.1901,81344.37627790253,1051200
"V4-python","2021-04-07",1581,0.061,0.8661239730108207,0.6071031440107537,5.355,26280,638580.0228,490521.4790786231,1051200
"V4-python","2021-04-08",218284,0.036,0.11705594108381974,0.1395598306257113,3.985,528,26341.6552,6040.018896171231,1077480
"V4-python","2021-04-09",578,0.059,0.9398356404374627,0.7306391353817522,5.774,26280,110062.7958,247023.17342741074,1077480
"V4-python","2021-04-10",46,0.09,1.1778913150015085,1.1695174256039085,6.28,672,196333.7391,356160.676930733,1077480
"V4-python","2021-04-11",1333,0.049,0.3346534132264381,0.5153396199314467,4.942,26280,40037.0953,102663.91314008043,1077480
"V4-python","2021-04-12",109792,0.02,0.6244414347658824,0.641373460867818,8.634,11680,29841.2542,55668.7900865843,1077480
"V4-python","2021-04-13",799682,0.022,0.249852021277866,0.3717843646612857,15.11,11680,27050.4672,24207.793733896335,1077480
"V4-python","2021-04-14",201169,0.027,0.2091013278388714,0.35263217487850895,17.595,7808,27770.8710,17080.34126014014,1077480
"V4-python","2021-04-15",5174,0.051,0.5801347118673128,0.7259996517340941,11.591,672,513730.6502,305455.5624468124,1077480
"V4-python","2021-04-16",21311,0.033,0.44323776455274533,0.6582208965542977,6.748,72,36720.5154,90334.85150671276,1077480
"V4-python","2021-04-17",180,0.07,0.620133333073722,0.5821754199530024,3.788,26280,900625.3333,355159.863946114,1051200
"V4-python","2021-04-18",54,0.035,0.6847037017621376,1.2230964867737606,7.082,672,162162.0741,319223.81908042333,1077480
"V4-python","2021-04-19",32266,0.052,3.1921546825881513,2.1619411117230407,13.663,672,35225.6391,78187.5208891197,1077480
"V4-python","2021-04-20",4755,0.05,0.28082670895333794,0.32916482824853954,3.721,26280,300142.8391,125945.58220111315,1077480
"V4-python","2021-04-21",455,0.056,0.42414945100362483,0.42602081194278946,2.891,672,142011.9736,249302.7297021433,1077480
"V4-python","2021-04-22",1198,0.063,0.8884298818027336,0.864695946833745,9.8,26280,261220.5676,288126.8533355287,1024920
"V4-python","2021-04-23",107081,0.098,3.135108609515039,1.523379398587153,19.937,26280,26777.8600,14542.840302791763,814680
"V4-python","2021-04-24",2620,0.057,2.3124736656313973,1.6508365114060133,23.576,11680,42507.1756,108178.56764687483,1077480
"V4-python","2021-04-25",8782,0.085,1.1522556365077559,0.5944769178198505,6.3,11680,74140.8016,69301.68119685898,1024920
"V4-python","2021-04-26",109365,0.06,3.2660254832881566,1.4902386779403143,19.008,672,27479.1668,27679.318695553036,1077480
"V4-python","2021-04-27",138682,0.026,3.989662112001842,2.3149597179838586,68.146,672,60545.7565,118934.12005992526,1077480
"V4-python","2021-04-28",148814,0.037,5.07319101009159,2.893222090522083,32.661,11680,79838.5931,132053.3021848564,1077480
"V4-python","2021-04-29",213956,0.121,5.951657149006673,2.8270581433148685,85.629,11680,42941.4799,46239.91486859621,1077480
"V4-python","2021-04-30",274931,0.189,4.051611764304971,1.779427549544714,85.641,26280,34487.4611,14137.339562909568,1077480
"V4-python","2021-05-01",169022,0.103,4.008841665862241,1.4190532888370393,22.904,26280,36761.7465,55050.62248929884,1077480
"V4-python","2021-05-02",49881,0.183,3.835951062790702,1.5230816832197016,17.843,600,47037.0979,17149.745935133913,1051200
"V4-python","2021-05-03",2066,0.167,0.9918741522589473,0.47269103601585116,3.846,26280,96034.9274,163204.5721432471,1077480
"V4-python","2021-05-04",108948,0.056,1.1105955134355827,1.1137965722934817,8.934,8760,28177.0298,28820.52775861731,551880
"V4-python","2021-05-05",1676679,0.022,0.20844179785037095,0.3465569467855031,8.939,26280,49765.3542,64060.024384335964,1077480
"V4-python","2021-05-06",3003296,0.022,0.363781693266361,0.5543526174637138,50.982,672,48430.8981,46869.10948103784,1077480
"V4-python","2021-05-07",1612063,0.021,0.6739428683331555,0.9164829188850616,45.439,26280,51673.3872,59715.269114698785,1077480
"V4-python","2021-05-08",83468,0.028,0.8897015741527201,0.7409309553532885,30.462,11680,264000.1428,167651.61952558768,473040
"V4-python","2021-05-09",395875,0.054,0.6011694045963726,0.8877849208256584,17.822,26280,26302.9469,3128.200376543677,455520
"V4-python","2021-05-10",102786,0.056,1.158161111501079,1.047803819592079,9.451,11680,26638.3169,17794.341121445246,1077480
"V4-python","2021-05-11",273804,0.054,1.1010147806419897,1.0823472959265856,20.551,504,27985.3029,37805.16642319731,1077480
"V4-python","2021-05-12",259305,0.053,1.3575018723906884,0.8998841331629021,12.6,11680,29470.4411,54524.723210757234,1077480
"V4-python","2021-05-13",61771,0.055,0.20627083901582308,0.38916830415952414,9.979,11680,28046.6027,38111.980764387605,1077480
"V4-python","2021-05-14",30158,0.055,0.7078404075294581,0.6791685177971921,13.183,5040,29274.1150,54509.79618845565,1077480
"V4-python","2021-05-15",107,0.043,0.6483551426050819,0.5272053702446072,2.48,11680,50813.4579,151209.90591532397,1077480
"V4-python","2021-05-16",35,0.068,0.7653714273657117,0.5918046031551495,2.47,26280,91354.2857,243407.20010815168,1077480
"V4-python","2021-05-17",1330,0.034,1.6347548882652045,0.8627529827089018,8.786,8760,865654.4481,313482.4879226509,1077480
"V4-python","2021-05-18",44654,0.042,0.6828393424103754,0.542504597111495,11.523,11680,28599.2479,39970.15729654908,1077480
"V4-python","2021-05-19",33210,0.056,0.7575647694775226,0.5082378198013172,6.179,14600,34688.7742,85772.02396638851,1077480
"V4-python","2021-05-20",981,0.044,0.6436299699739335,0.703132566146055,4.786,11680,314934.3527,153263.84916632596,1077480
"V4-python","2021-05-21",417,0.025,1.0547745824485517,0.848007150649995,5.561,11680,290088.4412,454507.2309278212,1077480
"V4-python","2021-05-22",452,0.098,2.1860420361359036,1.4728216687744842,7.379,14600,373424.0708,250230.97896340917,788400
"V4-python","2021-05-23",107,0.222,1.1093458006872194,0.8309849482318287,5.964,26280,41016.4486,106775.71426818463,814680
"V4-python","2021-05-24",1873,0.031,1.0799930591257543,1.5433852957884038,14.619,26280,280204.6343,63210.360595280545,1077480
"V4-python","2021-05-25",2004,0.063,0.5969126741336789,0.6845040626273566,8.087,72,80542.7146,218473.46567745492,1077480
"V4-python","2021-05-26",5031,0.026,0.4612959651585614,0.2938683889434897,6.642,768,1016461.1059,181280.7418447756,1077480
"V4-python","2021-05-27",14847,0.068,0.9366944162708875,0.4496424645345486,5.699,26280,1048920.1697,46260.83223464211,1077480
"V4-python","2021-05-28",1553,0.024,2.442680617366214,1.1370579387518776,6.649,11680,850699.6008,306472.50465382857,1077480
"V4-python","2021-05-29",740,0.39,1.6911297294336396,0.6694966522908918,4.312,525600,964902.1622,118533.5535922928,1077480
"V4-python","2021-05-30",4,0.176,0.26349999755620956,0.08937700519879961,0.413,744,269556.0000,155198.68056140168,359160
"V4-python","2021-05-31",12037,0.15,0.4334472874683172,0.3232963142043677,4.028,131400,503760.7676,39122.71632313342,1077480
"V4-python","2021-06-01",1835,0.064,0.5703138959505253,0.4882484453838348,4.679,26280,412560.1962,119440.56081001132,1077480
"V4-python","2021-06-02",8003,0.061,0.5480641007137592,0.44984644769672,3.92,26280,106142.3466,277532.0528168117,1077480
"V4-python","2021-06-03",68,0.07,0.8810000026269871,0.8147444306488123,4.031,26280,251721.1765,397731.93248249876,1077480
"V4-python","2021-06-04",890,0.075,1.8836292149561844,0.9362663968484838,4.975,4392,871752.0719,289383.5338646223,1077480
"V4-python","2021-06-05",1052,0.06,2.6816929661537814,1.2881777287516325,7.592,20440,833460.1521,328803.4691679196,1077480
"V4-python","2021-06-06",124,0.307,2.5161532288597477,1.4023229532216333,7.386,6048,900153.8710,392835.13972130127,1077480
"V4-python","2021-06-07",257,0.062,0.8081167309548605,0.8952677230340369,7.7,4896,274332.6381,424508.21899675287,1077480
"V4-python","2021-06-08",65641,0.031,0.23097055218866955,0.6099913474121555,25.42,52560,149590.2019,129327.48665166037,1077480
"V4-python","2021-06-09",119602,0.025,0.38202514196234066,0.48782993558990223,31.658,1120,140941.2158,292849.31300071866,1077480
"V4-python","2021-06-10",10125,0.062,0.7985937780002017,0.8224953882206445,7.154,11680,433104.4938,433757.3984097024,1077480
"V4-python","2021-06-11",2122,0.074,1.9701145141614596,1.6535686726249488,20.354,26280,829687.3139,347158.1923202254,1077480
"V4-python","2021-06-12",6968,0.303,2.0318480188456864,1.148859614840677,12.275,52560,1028004.8611,100301.42577694939,1077480
"V4-python","2021-06-13",1484,0.469,1.8849204823856727,0.9070080025859252,6.936,11680,964017.1429,124994.5064083539,1077480
"V4-python","2021-06-14",2873,0.063,0.7806084227585809,0.5830560688916643,6.231,24,675421.8169,455712.7331938159,1077480
"V4-python","2021-06-15",19694,0.09,1.287022290579771,1.0261319728800826,17.071,26280,316466.6761,148437.09604622165,1077480
"V4-python","2021-06-16",33426,0.044,0.8974897987074686,0.9169472483243001,13.211,26280,289784.7101,280147.71157293447,1077480
"V4-python","2021-06-17",57741,0.06,0.39475913145087693,0.7054552800027298,24.902,26280,59819.6699,173896.87624900223,1077480
"V4-python","2021-06-18",12343,0.066,1.494296442520833,1.0312455081454177,11.581,26280,75028.8358,208337.84416047987,1077480
"V4-python","2021-06-19",18960,0.082,1.4511578589390948,0.7741316854763177,34.907,72,39161.6232,85973.98314739959,1024920
"V4-python","2021-06-20",3595,0.025,1.4866787198355864,0.6812861581448089,8.752,11680,50316.5953,116669.21703086118,607360
"V4-python","2021-06-21",2608,0.125,1.663913343067458,1.1362130344851082,9.71,26280,143143.8190,302216.10427365964,1077480
"V4-python","2021-06-22",38538,0.122,2.1008553113520603,1.8593656239016088,17.484,26280,759409.4074,47371.54802458098,1077480
"V4-python","2021-06-23",286213,0.065,1.1754059355331135,0.9437376349512098,57.645,26280,125275.7465,224460.6980874906,1077480
"V4-python","2021-06-24",438633,0.066,0.7722761806990236,0.9876708828475661,9.593,744,45394.0607,19846.867817885144,1077480
"V4-python","2021-06-25",87453,0.065,0.5074665249283451,0.38392131656440887,3.543,1464,35306.1301,19955.247201612434,1077480
"V4-python","2021-06-26",2032,0.07,0.7489473426340544,0.45639353090614065,3.3,26280,26868.3228,19123.775791555883,760392
"V4-python","2021-06-27",16946,0.061,0.4345581259707728,0.3733016350223194,2.67,26280,26339.7923,4804.111972960762,473040
"V4-python","2021-06-28",24469,0.062,0.2570479382343328,0.24481568035052736,4.852,11680,28204.8682,42257.924490476755,1077480
"V4-python","2021-06-29",630,0.082,0.5469142867459191,0.3897324770910919,2.239,26280,598752.9524,250571.16651637887,1077480
"V4-python","2021-06-30",41588,0.058,0.1675096422930463,0.13498412518673,2.321,23360,161157.6282,317723.59421220626,1077480
"V4-python","2021-07-01",18986,0.067,0.18254234710464762,0.2285352865012569,3.123,26280,101109.2679,206318.5589529963,1077480
"V4-python","2021-07-02",137,0.032,0.8588102202400238,0.5758404809629023,2.853,4464,709167.5328,438663.2538945213,1077480
"V4-python","2021-07-03",4,0.061,1.7542499778792262,1.4789975251510732,3.631,78840,113880.0000,35040.0,148920
"V4-python","2021-07-04",75,0.022,0.3612266667187214,0.6892607573008883,3.134,11680,59490.1333,153164.5250615023,998640
"V4-python","2021-07-05",411,0.063,0.5251630162344362,0.4013085759781615,2.765,23360,952559.4161,303039.440144135,1077480
"V4-python","2021-07-06",454,0.035,0.4181541847188173,0.36026286318992534,2.944,216,494955.5419,445157.62971419375,1077480
"V4-python","2021-07-07",383,0.024,0.7734621318577553,5.713062845453066,112.09,72,536053.6606,453078.83050444885,1077480
"V4-python","2021-07-08",2510,0.022,0.49088247081940156,0.5383675763007754,4.552,72,379244.0446,314826.02581328555,1077480
"V4-python","2021-07-09",3734,0.06,0.7814480460258365,0.5586535672579702,4.843,144,270981.7954,99988.82328520122,1077480
"V4-python","2021-07-10",4,0.334,0.9570000097155571,0.9139357517704152,2.532,26280,394200.0000,430222.14168961596,1077480
"V4-python","2021-07-11",29709,0.06,0.5579578915863639,0.6138494846430343,8.62,26280,29803.7080,42873.136189600526,551880
"V4-python","2021-07-12",50190,0.022,0.4613466825969347,0.5318711707956671,10.108,432,114749.9854,174967.80393184727,1077480
"V4-python","2021-07-13",14863,0.06,0.7400787186491885,1.0986759317727965,10.018,26280,146566.3971,297243.69455064205,1077480
"V4-python","2021-07-14",21935,0.035,0.6186919079993726,0.7420192075391355,8.347,11680,140232.2845,169352.86821072098,1077480
"V4-python","2021-07-15",253,0.183,1.8389644281195086,1.2648503177168846,6.253,11680,1034747.0356,181515.18967217597,1077480
"V4-python","2021-07-16",8403,0.067,0.4620997263800242,0.4068766087192493,3.891,11680,82517.5390,103193.62917270324,1077480
"V4-python","2021-07-17",945,0.088,2.313392593171546,1.0004893445979843,5.598,11680,924221.7143,250357.9993394493,1077480
"V4-python","2021-07-18",874,0.159,1.4792860413750195,0.788866711912198,5.692,96360,961404.9886,188722.72412753198,1077480
"V4-python","2021-07-19",46679,0.022,0.22064448683669785,0.35033443828245764,4.021,24,106326.1215,216189.38094958736,1077480
"V4-python","2021-07-20",51120,0.065,0.1560311425233869,0.2505735989356869,33.894,23360,93060.7742,187428.85841463972,1077480
"V4-python","2021-07-21",108331,0.027,0.14020633072512376,0.14174570577828663,2.647,256,74476.4095,131915.658252986,1077480
"V4-python","2021-07-22",143929,0.066,0.13877476414002318,0.14962143207641557,2.771,8856,99748.9953,170748.4925663214,1077480
"V4-python","2021-07-23",5959,0.028,0.5137012920420999,0.376637281886917,2.787,256,47906.0044,173816.78409567746,1077480
"V4-python","2021-07-24",112230,0.069,0.3789636995964357,0.294977492762621,6.431,11680,53123.0555,30327.892319453353,1077480
"V4-python","2021-07-25",108895,0.028,0.32503641126805255,0.3320896339345685,3.792,1120,34632.4541,47256.142356858145,1077480
"V4-python","2021-07-26",114865,0.028,0.4178508248715764,0.3757738715955419,4.224,1344,44082.7403,28242.557532591694,1077480
"V4-python","2021-07-27",402862,0.022,0.19198295205654115,0.24308451934375017,4.636,1120,184314.1015,326714.8061481293,1077480
"V4-python","2021-07-28",242254,0.023,0.1298161888980267,0.1497958013571641,15.227,10824,51772.3789,23977.836084023835,1077480
"V4-python","2021-07-29",91575,0.063,0.19397693708120003,0.16602031618773688,4.376,6192,95077.9015,102368.44875377562,1077480
"V4-python","2021-07-30",43149,0.063,0.5913829057301916,0.49460087964797994,4.343,26280,52191.5233,26100.789588438754,1077480
"V4-python","2021-07-31",27281,0.043,0.9786439644609961,0.6036162710339404,19.906,392,59565.4963,84603.16996783052,1077480
"V4-python","2021-08-01",12,0.062,0.7393333415190378,0.7405721376235271,2.729,1624,402934.0000,487069.92269146186,1077480
"V4-python","2021-08-02",54453,0.022,0.18919372680132773,0.17481064401299465,2.671,1680,49747.5576,43188.3421488254,1077480
"V4-python","2021-08-03",59435,0.036,0.2267015227428861,0.18017032857511245,2.652,1568,68929.3470,169791.8120205732,1077480
"V4-python","2021-08-04",50610,0.037,0.35622080618416607,0.29275227232628037,3.51,1120,92408.6822,149137.7676106679,1077480
"V4-python","2021-08-05",51962,0.063,0.4100614873584353,0.32657227634047775,3.783,8760,93499.7903,217307.32408735674,1077480
"V4-python","2021-08-06",31233,0.036,0.7886940735649816,0.5196328016483148,6.235,14600,53090.5606,153146.37328798475,1077480
"V4-python","2021-08-07",24342,0.041,0.8167231944939436,0.4376077731825019,12.683,8760,29622.1297,45179.89352176141,788400
"V4-python","2021-08-08",33856,0.034,0.5091467981599975,0.3095873086574504,2.988,14600,50126.7817,10316.744553721046,551880
"V4-python","2021-08-09",93018,0.036,0.4899360769954939,0.47686595577383145,9.979,11680,130358.0442,293814.5228074689,1077480
"V4-python","2021-08-10",7418,0.036,1.53402305178517,0.8792825504086231,7.265,14600,988741.9369,279493.1758231134,1077480
"V4-python","2021-08-11",44785,0.039,0.6420448587651503,0.3392028210867807,3.976,14600,853638.1530,213526.2424195199,1077480
"V4-python","2021-08-12",40644,0.079,0.8763029965790293,0.4876134003589443,7.352,23360,892683.8156,179520.21231633617,1077480
"V4-python","2021-08-13",18228,0.072,1.6484663701520785,0.9912967802400772,26.295,8760,750308.3213,478208.56970583927,1077480
"V4-python","2021-08-14",12982,0.272,1.7751300259999916,0.6337351212545776,17.91,2232,1064719.5692,102467.47281449371,1077480
"V4-python","2021-08-15",1,2.629,2.628999948501587,0.0,2.629,1077480,1077480.0000,0.0,1077480
